{
  "timestamp": "2025-11-23T13:16:31.458120",
  "reference_samples": 1752,
  "current_samples": 439,
  "ks_test": {
    "total_features": 8,
    "drifted_features": 7,
    "drift_percentage": 87.5,
    "drifted_feature_names": [
      "pm_us_post",
      "pm_caotangsi",
      "pm_shahepu",
      "dew_point",
      "humidity",
      "pressure",
      "pm_mean"
    ],
    "details": {
      "pm_us_post": {
        "statistic": 0.127028798770288,
        "p_value": 0.00018427034413729857,
        "is_drifted": true,
        "threshold": 0.05
      },
      "pm_caotangsi": {
        "statistic": 0.20790663935825227,
        "p_value": 2.5693168025780547e-10,
        "is_drifted": true,
        "threshold": 0.05
      },
      "pm_shahepu": {
        "statistic": 0.1862133895639541,
        "p_value": 2.0885423800824938e-08,
        "is_drifted": true,
        "threshold": 0.05
      },
      "dew_point": {
        "statistic": 0.09252655473871137,
        "p_value": 0.0045933406759846186,
        "is_drifted": true,
        "threshold": 0.05
      },
      "humidity": {
        "statistic": 0.11610082716975974,
        "p_value": 0.00014216059605069712,
        "is_drifted": true,
        "threshold": 0.05
      },
      "pressure": {
        "statistic": 0.10911069721222892,
        "p_value": 0.0004323930722672538,
        "is_drifted": true,
        "threshold": 0.05
      },
      "temperature": {
        "statistic": 0.05287419474833298,
        "p_value": 0.26998313690498243,
        "is_drifted": false,
        "threshold": 0.05
      },
      "pm_mean": {
        "statistic": 0.17293112610724043,
        "p_value": 4.7331180682209124e-08,
        "is_drifted": true,
        "threshold": 0.05
      }
    }
  },
  "psi_test": {
    "total_features": 8,
    "drifted_features": 6,
    "drift_percentage": 75.0,
    "drifted_feature_names": [
      "pm_caotangsi",
      "pm_shahepu",
      "dew_point",
      "pressure",
      "temperature",
      "pm_mean"
    ],
    "details": {
      "pm_us_post": {
        "psi": 0.07301398909009892,
        "drift_level": "none",
        "is_drifted": false
      },
      "pm_caotangsi": {
        "psi": 0.28637444234978965,
        "drift_level": "significant",
        "is_drifted": true
      },
      "pm_shahepu": {
        "psi": 0.28730824358419255,
        "drift_level": "significant",
        "is_drifted": true
      },
      "dew_point": {
        "psi": 0.13926175914893996,
        "drift_level": "moderate",
        "is_drifted": true
      },
      "humidity": {
        "psi": 0.09744078249058506,
        "drift_level": "none",
        "is_drifted": false
      },
      "pressure": {
        "psi": 0.10216667591137948,
        "drift_level": "moderate",
        "is_drifted": true
      },
      "temperature": {
        "psi": 0.127559613605373,
        "drift_level": "moderate",
        "is_drifted": true
      },
      "pm_mean": {
        "psi": 0.18340922955728087,
        "drift_level": "moderate",
        "is_drifted": true
      }
    }
  },
  "statistics_comparison": {
    "reference": {
      "pm_us_post": {
        "mean": 87.26823704553648,
        "std": 53.287627650744874,
        "min": 6.181818181818182,
        "max": 380.0,
        "median": 72.41666666666667,
        "q25": 50.208333333333336,
        "q75": 105.9375
      },
      "pm_caotangsi": {
        "mean": 88.33562912239881,
        "std": 61.93264637119899,
        "min": 10.25,
        "max": 455.82608695652175,
        "median": 70.91666666666667,
        "q25": 43.58333333333333,
        "q75": 113.77083333333334
      },
      "pm_shahepu": {
        "mean": 86.33316381654463,
        "std": 62.00112818341053,
        "min": 14.541666666666666,
        "max": 434.1739130434783,
        "median": 66.0,
        "q25": 41.573913043478264,
        "q75": 109.61956521739131
      },
      "dew_point": {
        "mean": 12.413261806350567,
        "std": 7.5309104085826055,
        "min": -9.375,
        "max": 25.95833333333333,
        "median": 13.208333333333334,
        "q25": 5.791666666666667,
        "q75": 19.041666666666668
      },
      "humidity": {
        "mean": 73.504557096002,
        "std": 11.039897676454745,
        "min": 27.566666666666663,
        "max": 99.48666666666666,
        "median": 74.31625,
        "q25": 67.03125,
        "q75": 81.42958333333333
      },
      "pressure": {
        "mean": 1014.2418680315519,
        "std": 7.831252049813199,
        "min": 995.5458333333332,
        "max": 1035.4,
        "median": 1014.2375,
        "q25": 1007.5666666666668,
        "q75": 1020.2041666666668
      },
      "temperature": {
        "mean": 17.759954086865825,
        "std": 7.4987170546749065,
        "min": 1.5416666666666667,
        "max": 31.625,
        "median": 18.875,
        "q25": 10.958333333333334,
        "q75": 24.0
      },
      "pm_mean": {
        "mean": 86.44950411027455,
        "std": 55.47748152615568,
        "min": 6.181818181818182,
        "max": 423.3333333333333,
        "median": 71.1388888888889,
        "q25": 46.96074879227053,
        "q75": 107.33333333333331
      }
    },
    "current": {
      "pm_us_post": {
        "mean": 74.94481176179035,
        "std": 44.77131490711927,
        "min": 7.869565217391305,
        "max": 288.6666666666667,
        "median": 62.6875,
        "q25": 45.106884057971016,
        "q75": 94.6875
      },
      "pm_caotangsi": {
        "mean": 63.220064221567135,
        "std": 37.74933494147859,
        "min": 9.791666666666666,
        "max": 267.875,
        "median": 54.41666666666666,
        "q25": 37.0625,
        "q75": 78.87708333333333
      },
      "pm_shahepu": {
        "mean": 61.862669222492116,
        "std": 38.86478923570324,
        "min": 8.125,
        "max": 239.54166666666663,
        "median": 52.5,
        "q25": 34.47916666666667,
        "q75": 77.58333333333333
      },
      "dew_point": {
        "mean": 11.732974240773588,
        "std": 6.746530034206689,
        "min": -9.458333333333334,
        "max": 24.166666666666668,
        "median": 12.208333333333334,
        "q25": 6.25,
        "q75": 17.666666666666664
      },
      "humidity": {
        "mean": 72.07197549302073,
        "std": 12.51867027272296,
        "min": 28.23136363636364,
        "max": 98.33541666666667,
        "median": 72.9075,
        "q25": 62.84708333333334,
        "q75": 81.36958333333334
      },
      "pressure": {
        "mean": 1016.1054191013834,
        "std": 7.9667129475175935,
        "min": 995.125,
        "max": 1038.0,
        "median": 1016.3333333333334,
        "q25": 1009.7916666666666,
        "q75": 1022.2291666666667
      },
      "temperature": {
        "mean": 17.477559341058402,
        "std": 6.9922139462976585,
        "min": 3.7083333333333335,
        "max": 31.25,
        "median": 17.791666666666668,
        "q25": 11.520833333333332,
        "q75": 23.604166666666664
      },
      "pm_mean": {
        "mean": 66.56226780961832,
        "std": 40.01344738877605,
        "min": 11.0,
        "max": 265.36111111111114,
        "median": 56.90277777777777,
        "q25": 38.59027777777778,
        "q75": 83.96497584541063
      }
    }
  },
  "overall_drift_detected": true
}